{
    "geometries": [{
        "data": {
            "influencesPerVertex": 2,
            "skinWeights": [],
            "metadata": {
                "faces": 22,
                "generator": "io_three",
                "normals": 24,
                "version": 3,
                "uvs": 1,
                "materials": 1,
                "vertices": 24,
                "morphTargets": 0,
                "bones": 0
            },
            "bones": [],
            "animations": [],
            "normals": [-0.450606,-0.450606,0.770623,-0.450606,0.450606,0.770623,-0.66512,0.66512,-0.339427,-0.66512,-0.66512,-0.339427,0.450606,0.450606,0.770623,0.66512,0.66512,-0.339427,0.450606,-0.450606,0.770623,0.66512,-0.66512,-0.339427,0.657063,-0.657063,0.369396,0.657063,0.657063,0.369396,-0.657063,0.657063,0.369396,-0.657063,-0.657063,0.369396,0.406201,-0.406201,0.818506,-0.406201,-0.406201,0.818506,0.406201,0.406201,0.818506,-0.406201,0.406201,0.818506,-0.47557,0.47557,-0.740013,-0.47557,-0.47557,-0.740013,0.47557,0.47557,-0.740013,0.47557,-0.47557,-0.740013,-0.406201,0.406201,-0.818506,-0.406201,-0.406201,-0.818506,0.406201,0.406201,-0.818506,0.406201,-0.406201,-0.818506],
            "name": "lp_col_Cube_001Geometry",
            "skinIndices": [],
            "uvs": [[0.8366,0.0861,0.652,0.0861,0.6143,0.0053,0.8743,0.0053,0.0002,0.9998,0.0002,0.7875,0.2125,0.7875,0.2125,0.9998,0.8206,0.1028,0.668,0.1028,0.8743,0.9696,0.6143,0.9696,0.652,0.8765,0.8366,0.8765,0.668,0.8598,0.8206,0.8598]],
            "vertices": [-1,-1,0.77435,-1,1,0.77435,-1.40898,1.40898,0,-1.40898,-1.40898,0,1,1,0.77435,1.40898,1.40898,0,1,-1,0.77435,1.40898,-1.40898,0,1.40898,-1.40898,10,1.40898,1.40898,10,-1.40898,1.40898,10,-1.40898,-1.40898,10,0.826608,-0.826608,0.824972,-0.826608,-0.826608,0.824972,0.826608,0.826608,0.824972,-0.826608,0.826608,0.824972,-1,1,9.0782,-1,-1,9.0782,1,1,9.0782,1,-1,9.0782,-0.826608,0.826608,9.02758,-0.826608,-0.826608,9.02758,0.826608,0.826608,9.02758,0.826608,-0.826608,9.02758],
            "morphTargets": [],
            "faces": [43,0,1,2,3,0,0,1,2,3,0,1,2,3,43,1,4,5,2,0,0,1,2,3,1,4,5,2,43,4,6,7,5,0,0,1,2,3,4,6,7,5,43,6,0,3,7,0,0,1,2,3,6,0,3,7,43,3,2,5,7,0,4,5,6,7,3,2,5,7,43,8,9,10,11,0,6,7,4,5,8,9,10,11,43,0,6,12,13,0,1,0,8,9,0,6,12,13,43,14,12,6,4,0,8,9,1,0,14,12,6,4,43,15,14,4,1,0,8,9,1,0,15,14,4,1,43,1,0,13,15,0,1,0,8,9,1,0,13,15,43,11,10,16,17,0,10,11,12,13,11,10,16,17,43,10,9,18,16,0,10,11,12,13,10,9,18,16,43,9,8,19,18,0,10,11,12,13,9,8,19,18,43,8,11,17,19,0,10,11,12,13,8,11,17,19,43,17,16,20,21,0,13,12,14,15,17,16,20,21,43,21,20,15,13,0,15,14,9,8,21,20,15,13,43,16,18,22,20,0,13,12,14,15,16,18,22,20,43,20,22,14,15,0,15,14,9,8,20,22,14,15,43,18,19,23,22,0,13,12,14,15,18,19,23,22,43,22,23,12,14,0,15,14,9,8,22,23,12,14,43,19,17,21,23,0,13,12,14,15,19,17,21,23,43,23,21,13,12,0,15,14,9,8,23,21,13,12]
        },
        "uuid": "6798917C-B819-3CF2-A735-91AB4A226562",
        "materials": [{
            "visible": true,
            "depthTest": true,
            "mapDiffuseRepeat": [1,1],
            "colorEmissive": [0,0,0],
            "mapDiffuse": "ao_blue.png",
            "colorSpecular": [0.05,0.05,0.05],
            "specularCoef": 50,
            "transparent": false,
            "opacity": 1,
            "DbgIndex": 0,
            "blending": "NormalBlending",
            "colorDiffuse": [0.64,0.64,0.64],
            "depthWrite": true,
            "shading": "phong",
            "mapDiffuseAnisotropy": 1,
            "mapDiffuseWrap": ["RepeatWrapping","RepeatWrapping"],
            "wireframe": false,
            "DbgName": "Material.001",
            "colorAmbient": [0.64,0.64,0.64],
            "DbgColor": 15658734
        }],
        "type": "Geometry"
    }],
    "images": [{
        "url": "ao_blue.png",
        "uuid": "194F6457-9D45-3625-B160-145681494053",
        "name": "ao_blue.png"
    }],
    "animations": [{
        "tracks": [],
        "fps": 29,
        "name": "default"
    }],
    "materials": [{
        "ambient": 10724259,
        "color": 10724259,
        "type": "MeshPhongMaterial",
        "vertexColors": false,
        "map": "5FF7B8D1-6118-31E0-A90A-F5B4CF77C63A",
        "specular": 789516,
        "shininess": 50,
        "uuid": "109C8DEC-623D-3F38-8AFD-395BEC6741C8",
        "depthWrite": true,
        "emissive": 0,
        "depthTest": true,
        "blending": "NormalBlending",
        "name": "Material.001"
    }],
    "textures": [{
        "repeat": [1,1],
        "uuid": "5FF7B8D1-6118-31E0-A90A-F5B4CF77C63A",
        "mapping": 300,
        "name": "ao_blue_png",
        "minFilter": 1008,
        "magFilter": 1006,
        "anisotropy": 1,
        "wrap": [1000,1000],
        "image": "194F6457-9D45-3625-B160-145681494053"
    }],
    "metadata": {
        "version": 4.4,
        "generator": "io_three",
        "type": "Object"
    },
    "object": {
        "uuid": "58FA6DC3-711E-486D-8B9C-150905411E0B",
        "matrix": [1,0,0,0,0,1,0,0,0,0,1,0,0,0,0,1],
        "children": [{
            "name": "pillarc",
            "uuid": "DB63D58A-8CFC-3914-99BD-1E1F63E6877E",
            "matrix": [-1,0,0,0,0,0,1,0,0,1,0,0,0,0,0,1],
            "visible": true,
            "type": "Object",
            "children": [{
                "name": "lp_col_Cube_001",
                "uuid": "795FC810-12FC-34A8-8B38-7B9D5A4C93FB",
                "matrix": [1,0,0,0,0,1,0,0,0,0,1,0,0,0,0,1],
                "visible": true,
                "type": "Mesh",
                "material": "109C8DEC-623D-3F38-8AFD-395BEC6741C8",
                "castShadow": true,
                "receiveShadow": true,
                "geometry": "6798917C-B819-3CF2-A735-91AB4A226562"
            }]
        }],
        "type": "Scene"
    }
}